student_id,gender,age,region,money
0,0,17,2,2
1,1,14,0,0
2,1,17,0,1
3,0,17,2,0
4,0,13,3,2
5,1,16,0,4
6,0,12,0,1
7,0,14,1,4
8,1,17,2,3
9,0,13,1,3
10,0,15,2,1
11,0,15,1,4
12,1,17,1,2
13,0,18,2,3
14,0,18,1,0
15,0,12,1,3
16,0,14,0,4
17,1,17,1,1
18,1,14,0,1
19,0,14,0,1
20,0,16,2,0
21,0,18,2,0
22,1,15,0,2
23,0,15,2,1
24,1,17,1,0
25,1,13,1,0
26,1,13,1,1
27,1,14,0,0
28,0,18,2,4
29,0,18,0,4
30,0,13,3,0
31,0,18,2,2
32,0,15,0,4
33,0,15,0,4
34,0,15,3,1
35,0,15,2,4
36,0,15,0,0
37,1,13,3,4
38,0,13,3,4
39,0,16,0,0
40,1,18,2,2
41,1,18,2,0
42,1,13,2,0
43,1,17,0,2
44,1,17,0,4
45,0,17,0,3
46,1,13,2,3
47,1,16,2,3
48,1,15,0,4
49,0,13,1,1
50,1,13,2,2
51,0,14,2,1
52,1,17,1,0
53,1,16,1,3
54,1,13,3,1
55,0,15,2,2
56,0,17,0,0
57,0,15,0,1
58,1,16,0,0
59,0,17,0,4
60,0,16,1,0
61,0,12,2,4
62,1,18,1,3
63,0,12,2,0
64,0,15,1,0
65,0,17,2,2
66,1,13,2,0
67,0,17,2,3
68,1,17,2,2
69,0,18,1,3
70,1,14,0,0
71,1,14,0,2
72,0,16,1,0
73,1,15,2,4
74,1,18,0,1
75,0,13,3,3
76,0,16,2,0
77,1,16,2,2
78,1,12,3,3
79,0,14,3,3
80,0,12,1,2
81,0,16,0,1
82,1,15,2,4
83,1,12,0,4
84,1,14,2,1
85,0,13,0,2
86,0,15,2,3
87,0,15,3,3
88,1,18,3,4
89,0,16,1,1
90,0,16,1,4
91,0,13,3,4
92,0,12,3,3
93,1,14,3,3
94,1,13,0,4
95,1,14,3,3
96,1,13,3,1
97,0,14,2,1
98,1,16,1,1
99,1,18,2,3
100,0,17,1,3
101,1,15,0,0
102,1,18,1,2
103,0,15,2,0
104,1,16,2,0
105,0,13,0,3
106,0,14,3,0
107,0,18,1,4
108,0,15,2,0
109,0,15,3,3
110,0,12,0,3
111,0,18,1,2
112,1,18,1,3
113,1,15,0,2
114,0,15,2,3
115,0,17,3,4
116,1,12,1,1
117,0,18,1,0
118,0,18,1,3
119,0,18,2,1
120,0,16,1,4
121,1,15,1,3
122,1,12,3,1
123,0,17,3,4
124,0,14,3,0
125,0,17,3,0
126,0,15,1,2
127,1,14,3,0
128,0,16,2,0
129,0,14,3,4
130,1,13,3,3
131,0,13,3,1
132,0,14,0,1
133,1,12,0,4
134,0,17,3,1
135,0,16,2,3
136,1,13,0,3
137,0,12,1,0
138,1,17,0,4
139,0,14,1,3
140,0,15,1,3
141,0,16,0,4
142,0,12,1,2
143,1,15,3,1
144,0,13,2,0
145,1,14,1,4
146,0,12,0,2
147,0,14,1,2
148,0,13,1,0
149,0,12,3,1
150,0,16,2,2
151,0,13,3,4
152,1,18,2,3
153,1,13,1,3
154,0,14,0,2
155,0,14,1,0
156,0,16,3,2
157,0,17,3,1
158,0,13,0,0
159,1,18,0,4
160,0,13,0,0
161,1,17,0,0
162,0,16,0,4
163,1,13,2,3
164,1,13,2,2
165,0,18,0,1
166,1,16,1,2
167,1,17,1,3
168,1,18,0,2
169,1,14,0,1
170,0,18,2,0
171,0,18,3,0
172,1,14,3,2
173,0,17,1,2
174,0,14,3,2
175,1,17,0,1
176,1,17,2,4
177,1,13,2,4
178,1,15,3,2
179,0,17,0,3
180,1,14,3,0
181,1,13,0,1
182,0,18,2,1
183,0,14,2,1
184,1,12,2,0
185,1,13,2,3
186,0,15,1,1
187,0,14,3,0
188,1,13,1,1
189,1,18,1,1
190,1,18,2,1
191,0,18,0,1
192,0,18,2,3
193,0,18,1,2
194,0,12,2,4
195,0,18,1,1
196,1,18,3,0
197,0,13,2,0
198,1,13,1,3
199,1,15,3,0
200,1,17,3,2
201,1,17,2,4
202,1,15,3,4
203,0,12,0,3
204,1,14,0,0
205,0,14,2,4
206,0,13,2,3
207,1,18,3,0
208,0,15,3,4
209,1,12,2,3
210,1,13,3,1
211,0,12,0,3
212,1,18,3,0
213,1,12,1,4
214,1,14,2,1
215,0,17,3,0
216,1,18,0,3
217,0,15,3,3
218,1,14,1,0
219,1,12,0,2
220,1,18,2,1
221,0,13,1,3
222,1,16,0,4
223,1,18,2,3
224,1,13,3,0
225,1,14,3,0
226,0,12,2,0
227,0,17,1,4
228,0,13,0,4
229,0,14,3,1
230,1,18,3,2
231,1,18,3,0
232,0,14,0,0
233,1,13,2,0
234,1,14,1,3
235,1,13,3,3
236,0,18,2,3
237,0,17,2,4
238,1,18,3,1
239,1,12,0,3
240,1,12,3,2
241,0,18,1,0
242,1,17,3,3
243,0,13,0,0
244,0,13,0,3
245,1,18,3,2
246,1,13,1,4
247,0,13,0,1
248,0,18,1,3
249,1,16,1,4
250,1,13,0,2
251,1,16,3,4
252,0,15,0,2
253,0,17,3,4
254,1,16,3,1
255,0,17,3,3
256,1,18,0,2
257,0,18,2,4
258,1,17,0,1
259,1,16,2,2
260,0,15,0,3
261,1,16,2,3
262,0,17,2,1
263,0,14,0,3
264,0,14,2,0
265,0,13,3,1
266,1,17,0,0
267,0,12,2,4
268,1,12,2,1
269,0,18,0,2
270,0,12,1,4
271,1,15,2,1
272,1,14,0,0
273,0,13,3,1
274,0,16,1,0
275,1,12,2,1
276,0,14,2,0
277,1,12,3,0
278,0,15,0,1
279,1,12,3,0
280,0,14,1,0
281,0,15,0,1
282,0,16,3,4
283,0,13,0,3
284,0,16,2,2
285,0,14,2,2
286,0,17,3,2
287,0,16,1,3
288,0,15,1,4
289,1,17,3,1
290,0,17,3,2
291,0,14,0,4
292,1,16,1,0
293,0,14,1,3
294,0,12,3,2
295,0,12,3,3
296,0,16,0,3
297,1,16,1,3
298,0,17,2,0
299,1,18,2,3
300,1,14,0,4
301,0,15,2,0
302,0,17,2,2
303,1,18,1,4
304,0,13,3,3
305,0,18,0,1
306,1,15,0,1
307,0,14,0,0
308,0,13,0,3
309,0,13,3,1
310,0,16,3,1
311,1,16,0,0
312,0,16,0,3
313,1,18,3,2
314,1,18,0,1
315,1,13,0,0
316,1,14,2,0
317,1,14,2,0
318,0,14,0,4
319,0,13,3,4
320,1,13,3,2
321,0,16,3,3
322,0,14,2,2
323,1,13,3,1
324,1,15,0,2
325,0,16,0,3
326,0,14,0,1
327,1,13,0,2
328,1,15,2,0
329,1,12,0,0
330,0,16,0,4
331,0,17,1,0
332,0,15,3,2
333,1,16,2,3
334,1,17,3,0
335,0,15,1,1
336,1,15,0,4
337,1,14,1,0
338,0,18,2,0
339,0,17,0,2
340,0,17,0,4
341,0,14,1,4
342,1,18,3,0
343,1,18,3,0
344,1,15,1,0
345,0,17,0,1
346,0,12,2,0
347,0,13,0,0
348,0,16,2,0
349,0,14,0,4
350,0,12,3,4
351,1,12,0,4
352,0,15,3,0
353,0,17,1,2
354,0,15,3,0
355,0,17,2,2
356,0,14,0,2
357,0,15,0,3
358,1,13,2,4
359,1,17,2,3
360,1,15,2,4
361,1,13,3,1
362,1,17,3,2
363,0,12,0,1
364,0,17,3,1
365,1,18,0,0
366,1,12,2,3
367,1,13,2,4
368,0,12,1,0
369,1,18,3,2
370,1,16,3,4
371,1,12,0,4
372,1,18,3,2
373,0,18,1,4
374,0,15,0,4
375,1,14,1,1
376,1,17,2,2
377,1,17,1,1
378,1,16,1,2
379,0,14,0,1
380,1,17,2,0
381,1,14,1,3
382,0,13,0,0
383,1,15,0,0
384,0,16,1,3
385,1,13,2,3
386,1,13,1,4
387,1,12,0,2
388,0,12,1,3
389,0,13,0,0
390,1,13,3,1
391,1,13,1,3
392,1,13,1,1
393,0,15,0,4
394,1,12,3,0
395,1,14,2,0
396,1,14,3,0
397,0,15,0,3
398,0,18,1,4
399,0,17,2,0
400,0,16,0,1
401,0,15,0,4
402,1,18,3,1
403,0,18,0,0
404,0,12,3,4
405,1,14,2,1
406,1,15,3,0
407,0,15,0,2
408,0,16,2,0
409,0,18,0,3
410,0,14,1,4
411,1,13,3,3
412,0,12,3,1
413,0,12,1,4
414,0,17,3,0
415,0,16,2,3
416,0,14,3,0
417,0,16,0,3
418,1,13,1,2
419,0,13,2,4
420,0,18,2,0
421,1,14,0,3
422,0,16,0,3
423,0,15,3,2
424,0,16,2,1
425,0,18,3,4
426,1,17,0,2
427,0,17,0,2
428,0,18,1,2
429,1,14,0,1
430,0,17,2,0
431,1,12,1,1
432,1,16,2,1
433,0,18,1,4
434,1,18,3,3
435,0,14,0,4
436,0,13,0,0
437,1,14,3,1
438,1,15,0,4
439,1,15,0,3
440,1,16,0,4
441,1,13,0,4
442,0,13,1,1
443,0,12,1,4
444,0,17,1,4
445,1,15,0,1
446,1,14,1,4
447,1,16,0,1
448,0,12,2,3
449,0,18,0,3
450,1,14,0,2
451,1,12,2,3
452,0,15,3,0
453,1,16,1,1
454,0,14,0,1
455,0,15,1,0
456,0,15,3,2
457,1,16,1,3
458,1,17,3,2
459,0,17,3,2
460,1,14,3,1
461,0,16,1,4
462,1,16,1,4
463,0,18,0,0
464,0,15,2,0
465,1,17,2,2
466,0,18,2,4
467,1,14,2,1
468,0,18,1,4
469,1,15,3,4
470,1,15,2,0
471,0,13,0,3
472,1,13,3,1
473,0,15,3,0
474,0,15,2,1
475,1,16,3,2
476,0,18,3,2
477,0,12,1,1
478,0,13,0,3
479,0,15,1,3
480,1,16,2,0
481,0,15,2,0
482,1,18,1,0
483,0,18,1,4
484,0,13,0,0
485,1,12,0,1
486,0,17,1,3
487,1,18,0,4
488,1,14,3,4
489,1,13,2,4
490,0,15,0,2
491,0,14,3,2
492,1,17,1,3
493,0,15,1,0
494,1,15,1,3
495,0,13,2,3
496,0,12,3,3
497,1,15,0,4
498,0,17,1,3
499,1,15,1,4
500,1,14,3,1
501,0,16,0,2
502,0,12,0,2
503,0,16,1,0
504,0,15,3,1
505,0,18,0,3
506,0,16,1,3
507,0,12,2,4
508,0,18,2,0
509,1,14,3,4
510,0,13,0,1
511,1,14,2,1
512,0,15,0,3
513,0,14,2,1
514,1,16,2,0
515,0,14,2,0
516,0,17,1,2
517,1,13,0,1
518,0,12,3,2
519,0,12,0,4
520,1,18,0,0
521,0,17,2,0
522,0,18,1,2
523,0,13,3,4
524,1,15,0,2
525,1,13,1,4
526,1,16,0,0
527,1,16,1,3
528,0,14,3,2
529,1,13,3,2
530,1,16,2,0
531,0,12,2,1
532,0,18,1,2
533,0,14,0,2
534,0,18,3,0
535,0,12,0,3
536,0,14,1,3
537,0,18,0,2
538,0,18,3,1
539,0,13,0,0
540,0,16,3,3
541,0,15,0,4
542,1,17,0,0
543,0,17,1,3
544,1,16,1,1
545,1,14,2,1
546,0,14,3,1
547,0,13,0,1
548,0,18,1,4
549,0,14,3,1
550,1,18,0,3
551,1,18,2,3
552,0,18,0,2
553,0,13,2,4
554,0,13,3,1
555,0,17,1,0
556,0,13,2,0
557,0,17,0,2
558,1,16,2,2
559,1,17,0,3
560,0,15,3,4
561,0,15,3,1
562,0,17,2,1
563,0,18,3,2
564,0,13,2,3
565,1,16,3,4
566,1,13,0,3
567,1,15,2,2
568,1,14,1,0
569,0,15,2,0
570,0,14,1,3
571,1,13,2,1
572,0,13,3,4
573,0,17,2,2
574,1,12,0,0
575,0,15,2,4
576,0,15,0,2
577,0,15,0,2
578,0,14,1,4
579,1,13,1,2
580,0,13,1,1
581,0,17,3,0
582,0,18,3,4
583,0,13,2,4
584,0,13,3,4
585,0,12,2,3
586,1,17,0,3
587,0,16,2,3
588,0,16,3,0
589,1,12,3,4
590,0,17,2,3
591,1,18,2,1
592,0,16,2,3
593,1,18,2,3
594,1,17,3,1
595,1,18,2,3
596,0,18,0,3
597,1,12,1,2
598,1,13,1,1
599,0,18,0,1
600,1,13,0,0
601,1,18,3,3
602,1,17,2,2
603,0,13,0,3
604,0,17,3,1
605,0,13,3,2
606,1,12,0,0
607,0,17,3,4
608,0,17,0,1
609,0,15,2,0
610,0,18,2,0
611,1,16,1,0
612,0,17,1,4
613,0,17,1,3
614,1,17,0,0
615,1,18,1,0
616,0,14,3,2
617,0,14,1,3
618,0,16,2,0
619,0,15,2,3
620,1,15,0,4
621,0,14,2,1
622,0,14,3,1
623,0,14,3,2
624,0,13,3,2
625,1,12,1,3
626,0,15,0,3
627,1,17,3,4
628,1,15,1,0
629,0,18,2,2
630,1,12,2,3
631,1,12,2,0
632,0,15,3,2
633,0,14,1,0
634,1,18,1,0
635,1,18,3,4
636,1,12,1,3
637,1,16,0,4
638,0,17,0,3
639,0,13,1,1
640,1,16,2,0
641,1,15,3,4
642,1,13,0,3
643,0,17,3,2
644,1,15,0,2
645,1,13,3,4
646,1,17,3,0
647,0,18,3,2
648,1,18,1,2
649,1,18,2,2
650,1,18,1,2
651,0,16,2,3
652,1,15,1,1
653,0,16,2,0
654,1,17,2,2
655,0,13,1,3
656,0,14,2,4
657,0,17,3,3
658,0,17,1,2
659,0,15,1,1
660,0,13,2,3
661,0,17,2,0
662,0,12,1,0
663,0,16,3,0
664,0,16,3,4
665,0,18,3,0
666,1,16,1,1
667,1,18,2,1
668,0,15,0,2
669,0,18,2,4
670,1,15,2,1
671,1,15,2,1
672,0,15,1,4
673,1,18,0,4
674,1,14,2,0
675,0,15,1,1
676,0,15,2,3
677,1,12,2,1
678,0,17,0,1
679,1,14,1,4
680,1,18,1,0
681,0,15,2,3
682,0,16,1,0
683,0,15,2,1
684,1,16,0,3
685,0,13,2,2
686,1,16,2,2
687,1,14,0,2
688,0,15,0,0
689,1,12,0,1
690,0,14,1,3
691,0,13,2,4
692,0,14,1,4
693,0,15,3,2
694,0,16,1,4
695,0,12,3,4
696,1,15,3,3
697,1,14,3,3
698,1,14,2,3
699,1,13,3,1
700,1,14,3,3
701,1,16,3,3
702,0,13,0,3
703,1,12,1,0
704,0,18,3,0
705,0,18,0,0
706,0,16,3,2
707,1,16,1,3
708,1,12,3,1
709,1,12,2,1
710,1,13,3,3
711,0,16,0,1
712,1,12,3,3
713,1,12,0,1
714,0,13,1,3
715,0,12,2,2
716,0,15,1,1
717,0,18,0,1
718,1,13,0,1
719,0,14,2,4
720,0,18,1,4
721,0,12,1,0
722,0,16,0,1
723,1,16,0,0
724,1,15,2,2
725,1,15,1,0
726,1,13,1,2
727,1,16,0,0
728,1,13,1,4
729,1,15,0,0
730,0,14,3,4
731,1,17,3,1
732,0,15,1,2
733,1,15,2,4
734,0,15,2,0
735,1,15,1,1
736,1,17,1,1
737,0,14,1,4
738,1,14,2,3
739,0,12,0,4
740,1,17,1,4
741,1,14,2,3
742,1,16,2,1
743,0,17,1,3
744,0,16,3,2
745,0,17,1,3
746,0,13,0,3
747,1,14,3,3
748,0,14,2,2
749,0,13,1,2
750,1,18,1,1
751,0,12,2,0
752,0,14,0,1
753,1,18,0,1
754,0,13,3,3
755,1,12,0,0
756,0,18,2,0
757,0,16,1,3
758,1,18,2,4
759,1,13,2,3
760,1,12,1,1
761,1,12,2,4
762,0,14,0,3
763,1,18,1,0
764,0,17,1,0
765,0,16,1,0
766,0,15,2,3
767,0,16,1,3
768,0,17,1,3
769,0,14,3,3
770,0,14,2,2
771,0,12,0,3
772,1,15,3,2
773,1,15,0,2
774,1,17,3,2
775,1,16,3,4
776,0,15,2,2
777,1,16,2,2
778,0,16,1,0
779,0,15,1,3
780,1,13,0,0
781,0,12,1,3
782,1,16,0,2
783,1,16,1,0
784,0,16,2,4
785,1,13,1,2
786,0,12,2,4
787,1,18,0,4
788,0,18,1,0
789,0,16,2,4
790,1,15,2,3
791,0,13,2,2
792,0,16,3,3
793,1,12,1,0
794,0,13,0,1
795,0,15,3,3
796,0,17,2,3
797,0,15,3,3
798,0,18,3,0
799,0,15,2,3
800,0,18,3,4
801,1,15,3,4
802,0,15,3,0
803,1,15,0,2
804,1,16,2,0
805,1,15,1,3
806,1,14,0,4
807,1,16,2,0
808,1,12,2,3
809,1,18,0,1
810,0,17,1,2
811,1,15,2,4
812,1,15,2,2
813,0,18,3,3
814,1,18,0,4
815,0,14,0,4
816,0,12,0,2
817,0,16,1,4
818,0,17,1,4
819,1,12,0,1
820,1,18,0,0
821,1,18,3,2
822,1,16,0,4
823,1,15,3,1
824,0,17,1,4
825,1,13,0,3
826,0,18,3,1
827,0,17,0,2
828,0,13,0,1
829,1,14,0,4
830,0,13,1,4
831,0,15,3,2
832,0,14,1,2
833,0,13,2,0
834,0,12,1,4
835,1,16,0,4
836,0,17,1,4
837,0,14,1,2
838,1,16,3,0
839,0,13,0,2
840,1,17,3,1
841,0,13,3,0
842,0,16,2,2
843,1,15,1,4
844,0,18,1,4
845,0,15,1,1
846,0,14,3,4
847,0,12,0,3
848,1,13,1,1
849,1,17,0,1
850,1,18,0,3
851,0,16,2,4
852,0,13,2,0
853,1,18,1,4
854,0,17,2,1
855,1,14,0,1
856,0,16,1,1
857,0,17,3,3
858,1,13,0,4
859,1,15,2,3
860,0,16,2,4
861,0,14,1,0
862,1,18,3,0
863,0,18,0,2
864,0,13,0,1
865,0,13,1,3
866,0,13,1,3
867,0,12,0,4
868,0,14,1,4
869,1,15,0,3
870,0,12,2,0
871,0,12,3,1
872,0,18,1,3
873,0,17,2,2
874,0,15,1,3
875,1,17,0,2
876,1,17,3,3
877,1,12,1,2
878,1,17,3,4
879,0,18,1,4
880,0,14,3,3
881,1,16,3,1
882,1,12,2,3
883,0,15,0,0
884,1,18,1,4
885,1,14,0,1
886,0,15,3,4
887,1,14,2,2
888,0,12,0,4
889,1,17,1,0
890,1,16,0,3
891,1,12,3,3
892,1,16,3,1
893,1,14,2,1
894,0,15,1,0
895,1,16,3,1
896,0,16,0,0
897,0,17,3,4
898,1,16,3,2
899,1,16,1,4
900,0,16,0,3
901,1,13,3,2
902,0,17,3,4
903,0,17,1,2
904,0,18,0,1
905,0,17,2,3
906,0,17,1,1
907,0,17,2,3
908,1,15,1,2
909,0,15,1,0
910,0,18,2,0
911,0,17,0,4
912,1,14,0,4
913,0,17,1,3
914,0,18,3,2
915,1,13,2,0
916,0,13,1,3
917,0,13,2,1
918,1,16,1,1
919,0,16,2,4
920,0,15,1,3
921,0,13,1,1
922,0,17,1,0
923,0,12,1,1
924,0,15,3,4
925,1,13,2,0
926,1,14,3,2
927,1,16,2,2
928,0,17,0,1
929,1,13,3,3
930,0,17,2,0
931,1,12,0,0
932,1,13,0,0
933,1,15,0,3
934,0,18,1,2
935,0,13,0,4
936,1,17,2,0
937,1,15,3,2
938,0,14,1,4
939,0,16,3,4
940,0,18,2,2
941,0,17,0,2
942,1,18,0,4
943,0,18,3,1
944,0,17,1,1
945,1,13,0,1
946,0,12,3,2
947,1,13,2,4
948,1,17,3,0
949,0,14,0,3
950,1,15,0,3
951,0,16,0,0
952,0,15,3,3
953,0,12,1,3
954,0,14,2,4
955,1,15,0,0
956,0,14,3,3
957,0,17,2,0
958,0,13,3,0
959,1,15,2,2
960,1,15,0,4
961,0,18,1,2
962,1,12,0,4
963,0,12,1,2
964,0,18,3,1
965,0,16,2,0
966,0,12,3,3
967,1,18,2,3
968,1,13,1,3
969,1,13,0,0
970,1,16,0,0
971,0,16,2,4
972,1,14,3,2
973,1,18,1,4
974,1,14,1,2
975,0,14,3,4
976,0,15,1,1
977,1,15,1,0
978,1,13,2,4
979,1,17,1,4
980,0,12,1,1
981,0,17,2,3
982,1,14,1,2
983,1,17,0,1
984,0,14,0,0
985,1,18,0,3
986,1,15,1,3
987,0,15,3,1
988,1,17,3,2
989,1,14,0,3
990,0,17,3,3
991,0,12,0,1
992,1,16,0,3
993,1,15,0,0
994,1,16,0,4
995,0,15,0,2
996,1,13,0,1
997,1,13,0,0
998,1,14,1,2
999,0,15,2,4
1000,1,14,1,0
1001,1,15,3,0
1002,0,14,0,1
1003,1,15,3,4
1004,0,13,2,1
1005,1,15,3,2
1006,1,16,1,1
1007,0,12,0,2
1008,1,18,2,4
1009,1,17,3,1
1010,1,16,0,4
1011,0,17,0,2
1012,0,14,0,1
1013,0,17,0,1
1014,0,13,1,3
1015,1,16,1,2
1016,0,16,2,4
1017,1,18,0,2
1018,0,15,1,0
1019,1,12,2,0
1020,1,16,0,2
1021,0,16,1,4
1022,0,16,0,4
1023,1,18,2,0
1024,1,12,1,2
1025,0,14,0,4
1026,0,12,2,1
1027,0,12,3,1
1028,0,13,2,4
1029,1,16,2,4
1030,1,13,0,3
1031,1,13,3,4
1032,1,18,3,2
1033,0,14,1,0
1034,0,16,1,3
1035,1,12,3,3
1036,0,17,3,0
1037,1,15,0,1
1038,0,13,1,2
1039,1,17,1,3
1040,0,17,0,3
1041,1,17,1,1
1042,0,15,1,0
1043,0,12,0,3
1044,1,13,1,3
1045,1,18,3,2
1046,0,13,0,2
1047,0,14,0,1
1048,1,15,1,4
1049,1,14,1,3
1050,0,12,0,0
1051,0,16,1,3
1052,1,16,0,0
1053,0,17,0,2
1054,1,12,2,2
1055,0,16,1,0
1056,1,18,3,4
1057,0,15,0,4
1058,1,16,1,2
1059,0,15,0,3
1060,0,15,1,2
1061,0,18,2,3
1062,1,13,0,3
1063,0,16,0,4
1064,1,17,3,2
1065,1,14,0,4
1066,0,14,0,2
1067,0,14,0,3
1068,0,12,3,0
1069,1,13,1,3
1070,0,14,1,3
1071,0,13,3,2
1072,0,14,1,3
1073,0,12,0,2
1074,1,13,1,1
1075,0,16,1,3
1076,0,18,0,2
1077,0,17,2,3
1078,1,15,1,0
1079,1,16,2,1
1080,1,12,3,3
1081,0,14,3,1
1082,0,13,2,4
1083,1,14,1,1
1084,0,13,2,1
1085,0,16,0,4
1086,0,16,3,4
1087,0,17,3,3
1088,1,12,1,4
1089,0,16,0,0
1090,1,15,0,3
1091,1,12,1,1
1092,0,15,0,0
1093,1,17,2,3
1094,1,16,2,4
1095,1,13,2,0
1096,1,16,3,1
1097,1,14,0,2
1098,1,14,2,0
1099,1,15,2,2
1100,1,17,3,2
1101,1,17,1,1
1102,0,13,1,3
1103,1,18,2,2
1104,1,17,1,4
1105,0,13,3,4
1106,1,14,0,3
1107,0,16,0,4
1108,0,14,3,3
1109,0,12,0,1
1110,0,17,2,1
1111,1,12,3,3
1112,0,18,1,1
1113,0,16,3,0
1114,1,12,1,2
1115,0,14,0,2
1116,1,12,2,2
1117,1,12,0,3
1118,0,18,1,3
1119,0,13,2,1
1120,1,15,0,1
1121,1,16,3,2
1122,0,13,3,4
1123,1,12,1,2
1124,0,17,3,2
1125,0,18,3,4
1126,0,13,1,0
1127,0,12,2,2
1128,1,17,3,3
1129,1,15,2,4
1130,1,17,1,3
1131,0,14,0,4
1132,1,14,0,4
1133,1,12,2,4
1134,1,16,1,4
1135,1,13,0,4
1136,1,18,3,0
1137,1,16,1,2
1138,1,17,0,2
1139,0,15,2,1
1140,1,13,1,2
1141,0,14,0,4
1142,1,12,3,2
1143,1,18,1,2
1144,1,13,2,2
1145,0,13,0,1
1146,0,18,2,4
1147,0,16,0,1
1148,1,15,1,3
1149,1,17,2,0
1150,1,16,1,0
1151,1,17,0,3
1152,1,15,3,1
1153,1,17,3,0
1154,1,14,1,4
1155,1,16,0,4
1156,1,15,2,4
1157,1,12,1,2
1158,0,17,0,4
1159,0,18,0,2
1160,1,16,1,3
1161,0,16,0,4
1162,0,18,0,1
1163,0,15,0,0
1164,0,15,3,2
1165,0,15,2,4
1166,0,16,3,4
1167,1,16,1,2
1168,1,13,3,0
1169,0,14,2,4
1170,1,15,2,0
1171,0,18,1,1
1172,1,15,1,4
1173,0,12,3,3
1174,1,18,3,0
1175,1,14,2,0
1176,0,14,0,3
1177,1,13,2,4
1178,0,14,0,4
1179,1,18,1,2
1180,1,15,3,1
1181,0,18,3,4
1182,1,16,0,2
1183,0,15,3,3
1184,1,14,1,2
1185,0,16,3,0
1186,1,12,1,3
1187,1,16,3,4
1188,0,15,2,1
1189,1,12,3,1
1190,0,18,1,4
1191,1,18,0,2
1192,1,13,3,3
1193,1,18,0,2
1194,1,12,3,1
1195,0,15,0,0
1196,1,12,2,0
1197,1,18,3,0
1198,1,16,3,1
1199,0,15,0,4
1200,0,16,2,3
1201,0,14,2,0
1202,1,12,1,1
1203,0,15,1,4
1204,1,17,3,2
1205,1,15,3,3
1206,0,16,2,4
1207,0,12,0,0
1208,1,18,2,0
1209,1,13,3,1
1210,1,15,2,4
1211,1,18,1,4
1212,0,17,0,4
1213,0,18,1,3
1214,0,15,2,0
1215,1,12,2,0
1216,1,13,1,0
1217,0,16,0,0
1218,0,13,3,1
1219,1,13,0,3
1220,1,15,1,0
1221,0,18,0,0
1222,0,15,0,0
1223,0,18,2,2
1224,0,16,3,2
1225,0,15,1,4
1226,0,14,0,2
1227,1,14,0,4
1228,0,15,0,2
1229,0,12,0,2
1230,0,15,2,2
1231,1,12,3,1
1232,1,15,2,4
1233,0,17,2,0
1234,0,17,2,0
1235,0,15,1,2
1236,0,16,2,2
1237,0,18,0,4
1238,1,14,3,0
1239,0,12,2,2
1240,0,16,3,1
1241,1,13,1,0
1242,0,16,3,2
1243,0,13,2,1
1244,0,13,0,0
1245,1,18,0,0
1246,1,12,2,0
1247,1,14,2,0
1248,0,14,1,4
1249,1,16,1,4
1250,1,16,0,0
1251,1,17,1,0
1252,0,13,2,1
1253,0,18,3,4
1254,1,16,0,0
1255,1,18,1,3
1256,1,17,0,0
1257,1,14,0,2
1258,1,14,2,4
1259,1,14,0,4
1260,1,17,2,3
1261,0,14,3,0
1262,0,18,1,4
1263,0,18,0,2
1264,1,18,3,2
1265,0,15,0,2
1266,1,13,0,0
1267,0,13,2,2
1268,0,13,3,1
1269,0,13,3,2
1270,1,13,1,0
1271,1,12,3,2
1272,1,18,1,3
1273,0,16,2,1
1274,0,13,3,0
1275,1,13,0,3
1276,1,13,3,2
1277,0,18,3,2
1278,1,18,1,4
1279,0,15,0,1
1280,1,12,1,2
1281,1,17,3,2
1282,0,13,1,3
1283,1,17,3,2
1284,1,15,3,1
1285,0,16,2,4
1286,0,12,2,1
1287,1,17,2,1
1288,0,17,3,3
1289,0,14,0,0
1290,1,17,2,3
1291,0,14,3,2
1292,0,13,0,2
1293,1,17,2,0
1294,1,13,2,4
1295,1,13,0,4
1296,1,15,3,3
1297,0,18,3,1
1298,0,12,1,1
1299,0,14,0,4
1300,1,13,1,1
1301,0,13,2,3
1302,1,14,2,0
1303,0,13,3,2
1304,0,15,2,3
1305,1,16,3,3
1306,1,14,0,1
1307,0,14,3,3
1308,0,14,3,4
1309,1,16,2,1
1310,0,15,3,4
1311,1,14,3,3
1312,1,17,2,1
1313,0,13,0,3
1314,0,16,2,2
1315,1,15,1,3
1316,1,14,2,4
1317,0,15,3,3
1318,1,14,2,4
1319,1,16,2,4
1320,1,17,0,2
1321,1,12,3,0
1322,0,17,3,3
1323,0,18,2,1
1324,0,18,3,2
1325,1,15,3,3
1326,0,14,2,4
1327,1,17,3,4
1328,1,15,1,0
1329,1,16,3,2
1330,0,15,1,4
1331,1,15,1,0
1332,0,12,3,1
1333,0,16,1,4
1334,0,16,2,1
1335,1,12,2,4
1336,0,13,3,1
1337,1,12,3,3
1338,0,16,1,4
1339,0,12,2,1
1340,0,16,0,0
1341,1,13,3,4
1342,0,16,0,1
1343,0,18,0,2
1344,1,15,0,3
1345,0,16,1,3
1346,1,13,2,0
1347,1,18,2,0
1348,0,15,3,1
1349,0,17,0,3
1350,1,13,0,1
1351,0,13,3,4
1352,0,17,1,1
1353,0,18,0,2
1354,1,16,1,4
1355,1,15,2,0
1356,1,14,3,4
1357,0,17,0,2
1358,1,16,1,2
1359,1,18,1,2
1360,0,17,2,4
1361,0,15,1,4
1362,0,14,0,4
1363,1,14,1,3
1364,1,18,0,4
1365,0,16,0,4
1366,0,12,3,1
1367,0,18,1,3
1368,0,15,3,2
1369,1,14,2,0
1370,0,17,3,2
1371,1,12,2,4
1372,0,16,2,0
1373,0,14,1,3
1374,0,17,3,3
1375,0,13,2,2
1376,1,15,1,2
1377,1,15,2,1
1378,1,12,2,3
1379,0,15,0,2
1380,0,13,0,0
1381,1,15,2,3
1382,1,18,1,1
1383,0,12,0,4
1384,1,17,3,0
1385,0,18,3,1
1386,1,14,0,1
1387,0,17,1,3
1388,0,12,0,4
1389,1,13,1,4
1390,0,17,2,3
1391,0,12,0,2
1392,0,13,1,3
1393,0,12,3,1
1394,1,18,3,4
1395,1,17,1,0
1396,1,15,2,1
1397,0,18,2,3
1398,0,13,0,2
1399,0,12,0,0
1400,1,18,2,4
1401,1,17,2,4
1402,0,14,2,3
1403,1,16,1,2
1404,0,12,1,1
1405,0,17,1,0
1406,0,16,3,4
1407,0,15,0,0
1408,0,16,1,2
1409,0,16,2,0
1410,0,17,1,2
1411,1,15,1,2
1412,0,17,0,4
1413,0,17,1,1
1414,0,18,2,1
1415,1,12,1,2
1416,1,13,2,1
1417,0,16,0,1
1418,0,14,3,3
1419,1,14,2,4
1420,1,14,0,2
1421,0,18,3,1
1422,0,17,3,4
1423,1,18,2,3
1424,1,13,1,1
1425,1,13,0,0
1426,0,16,0,2
1427,0,16,2,0
1428,0,14,1,3
1429,1,15,0,0
1430,0,16,0,0
1431,1,12,3,3
1432,0,13,0,3
1433,1,13,1,4
1434,1,14,1,0
1435,0,14,0,3
1436,0,13,1,1
1437,1,12,3,2
1438,0,14,1,1
1439,0,12,0,0
1440,0,17,3,2
1441,0,12,2,2
1442,1,12,3,3
1443,0,17,3,4
1444,0,15,0,4
1445,1,18,0,3
1446,1,16,1,2
1447,1,12,1,2
1448,0,12,2,1
1449,0,16,1,3
1450,0,13,0,1
1451,0,18,2,4
1452,0,12,2,1
1453,1,12,1,2
1454,1,16,2,3
1455,1,18,3,4
1456,1,12,0,2
1457,0,14,3,0
1458,0,12,3,3
1459,0,12,2,3
1460,1,17,2,4
1461,0,14,1,2
1462,0,17,2,3
1463,0,15,3,0
1464,0,17,1,3
1465,1,14,1,0
1466,0,15,0,1
1467,1,12,0,1
1468,0,15,1,2
1469,0,14,3,3
1470,1,12,2,0
1471,0,16,2,0
1472,1,18,2,4
1473,0,14,2,1
1474,1,14,2,2
1475,1,15,0,2
1476,1,13,0,0
1477,1,16,0,2
1478,0,16,1,0
1479,1,13,1,4
1480,1,17,1,3
1481,1,13,3,4
1482,0,15,3,2
1483,0,16,3,1
1484,0,14,0,4
1485,1,12,0,4
1486,0,16,0,0
1487,0,12,1,0
1488,0,16,1,0
1489,1,16,0,4
1490,1,17,1,3
1491,1,16,0,4
1492,1,18,3,3
1493,0,13,2,4
1494,0,15,3,0
1495,0,15,0,3
1496,1,15,0,2
1497,1,16,1,3
1498,1,16,0,2
1499,1,18,2,0
1500,0,17,3,2
1501,1,18,0,2
1502,1,12,1,0
1503,0,13,2,4
1504,1,16,2,4
1505,0,16,3,4
1506,0,12,3,1
1507,0,13,1,2
1508,1,17,3,4
1509,0,14,1,2
1510,1,18,1,0
1511,0,16,0,3
1512,1,12,2,2
1513,0,13,1,3
1514,0,16,1,1
1515,0,14,0,1
1516,0,18,2,3
1517,0,12,3,1
1518,1,13,1,2
1519,1,16,1,4
1520,1,18,3,4
1521,1,16,3,3
1522,1,18,3,4
1523,1,13,2,0
1524,0,16,3,2
1525,1,18,0,2
1526,0,12,0,1
1527,1,12,1,1
1528,0,16,3,0
1529,0,15,0,0
1530,1,16,3,1
1531,1,18,3,1
1532,1,13,1,4
1533,1,16,1,0
1534,1,13,0,2
1535,0,17,2,1
1536,1,18,1,0
1537,1,16,3,3
1538,0,18,1,4
1539,1,16,2,4
1540,1,13,0,0
1541,1,14,0,0
1542,1,16,0,4
1543,0,16,3,2
1544,1,18,0,1
1545,1,18,0,3
1546,1,13,3,4
1547,1,17,2,3
1548,1,16,0,0
1549,1,14,0,0
1550,1,13,1,0
1551,1,12,1,3
1552,0,18,0,2
1553,0,12,2,1
1554,0,12,3,0
1555,0,18,3,3
1556,1,18,1,3
1557,0,14,2,0
1558,1,17,1,3
1559,1,14,0,4
1560,0,16,3,4
1561,0,15,0,4
1562,1,16,0,3
1563,1,14,3,0
1564,0,13,2,4
1565,1,16,2,4
1566,1,18,2,4
1567,0,13,1,2
1568,1,12,1,3
1569,0,15,2,3
1570,0,16,0,2
1571,1,14,1,1
1572,0,18,0,1
1573,0,15,2,1
1574,0,15,3,3
1575,1,17,1,2
1576,0,16,3,3
1577,0,12,1,4
1578,1,17,1,0
1579,1,15,0,2
1580,0,14,1,2
1581,1,17,3,0
1582,0,17,1,2
1583,0,16,0,0
1584,1,18,3,4
1585,0,18,3,0
1586,0,13,1,1
1587,0,12,0,4
1588,1,15,3,4
1589,1,18,3,3
1590,1,17,3,2
1591,1,17,1,3
1592,1,17,3,4
1593,0,16,2,2
1594,1,17,1,1
1595,0,14,1,0
1596,0,12,0,0
1597,0,12,3,0
1598,0,18,3,3
1599,1,18,2,4
1600,0,16,2,1
1601,0,16,2,2
1602,0,12,1,2
1603,1,18,1,1
1604,0,18,3,0
1605,1,17,0,0
1606,0,14,3,1
1607,0,18,0,3
1608,1,16,3,2
1609,1,16,3,1
1610,1,12,3,0
1611,0,17,1,3
1612,0,18,1,0
1613,1,18,1,0
1614,1,15,2,4
1615,0,12,0,4
1616,0,17,2,1
1617,0,12,3,2
1618,0,16,2,0
1619,0,18,2,4
1620,0,12,0,3
1621,1,15,1,3
1622,1,15,2,0
1623,1,17,1,0
1624,0,16,1,1
1625,1,18,2,1
1626,0,18,0,1
1627,1,14,1,1
1628,1,16,3,0
1629,0,16,2,0
1630,0,13,2,0
1631,0,17,0,4
1632,0,15,3,4
1633,0,14,3,3
1634,1,18,3,0
1635,1,12,1,2
1636,0,14,0,3
1637,1,18,1,0
1638,1,14,0,1
1639,0,17,3,1
1640,1,12,3,2
1641,0,13,1,1
1642,0,13,3,0
1643,1,17,0,1
1644,0,14,3,1
1645,0,15,2,3
1646,0,13,2,3
1647,0,17,0,0
1648,0,12,3,3
1649,1,17,2,3
1650,1,15,1,4
1651,1,18,0,2
1652,1,12,0,0
1653,1,18,2,4
1654,0,17,0,2
1655,1,17,3,0
1656,1,13,2,4
1657,0,17,0,0
1658,0,13,3,4
1659,1,18,1,2
1660,1,16,2,1
1661,1,14,1,2
1662,1,14,2,2
1663,0,17,2,3
1664,1,13,1,0
1665,1,14,3,1
1666,0,17,0,4
1667,0,17,0,4
1668,0,13,0,0
1669,1,13,1,0
1670,1,14,3,2
1671,0,13,1,0
1672,1,18,1,2
1673,1,16,2,1
1674,0,18,2,3
1675,0,14,1,4
1676,0,17,1,1
1677,0,16,0,3
1678,1,13,2,0
1679,0,18,3,0
1680,0,18,1,4
1681,1,13,1,3
1682,0,18,2,1
1683,0,12,3,1
1684,0,15,1,3
1685,0,14,0,2
1686,1,16,2,1
1687,1,15,2,0
1688,1,17,3,2
1689,0,14,3,1
1690,0,13,1,1
1691,0,15,1,2
1692,0,12,1,0
1693,1,18,0,4
1694,0,17,0,0
1695,0,13,3,0
1696,1,16,0,4
1697,0,15,1,2
1698,0,15,0,2
1699,0,16,3,4
1700,1,17,2,4
1701,1,18,1,4
1702,1,18,2,1
1703,0,14,3,2
1704,0,18,3,4
1705,1,17,3,4
1706,0,17,2,3
1707,1,16,1,3
1708,0,12,0,4
1709,0,12,1,3
1710,1,13,0,0
1711,1,13,3,4
1712,1,14,2,0
1713,0,18,3,0
1714,0,18,0,2
1715,1,13,1,2
1716,0,18,0,4
1717,1,12,1,4
1718,0,14,3,4
1719,0,12,1,4
1720,1,17,2,1
1721,0,16,2,3
1722,0,15,3,0
1723,0,12,0,0
1724,1,12,2,3
1725,0,16,0,3
1726,0,14,3,3
1727,1,13,3,0
1728,1,18,3,4
1729,1,12,2,1
1730,1,14,0,4
1731,1,18,1,1
1732,1,13,1,1
1733,1,14,2,1
1734,1,12,3,0
1735,1,17,0,2
1736,0,13,2,0
1737,0,14,0,3
1738,1,16,0,2
1739,0,18,2,0
1740,1,18,3,3
1741,1,13,1,2
1742,0,14,1,3
1743,0,13,3,2
1744,1,14,2,2
1745,0,15,0,2
1746,0,15,0,0
1747,1,14,3,2
1748,1,18,2,3
1749,0,16,1,3
1750,0,16,1,2
1751,0,14,0,3
1752,0,12,0,0
1753,1,14,0,1
1754,0,13,2,1
1755,0,13,3,4
1756,1,17,0,1
1757,1,17,3,2
1758,1,13,1,4
1759,0,15,2,0
1760,1,13,1,2
1761,1,14,2,0
1762,1,17,3,3
1763,0,16,1,0
1764,0,14,2,1
1765,1,15,0,2
1766,1,17,2,1
1767,1,15,0,3
1768,1,12,0,2
1769,1,12,0,0
1770,1,15,2,0
1771,0,18,0,4
1772,1,16,0,4
1773,0,14,1,4
1774,0,16,3,3
1775,0,14,3,2
1776,0,18,3,4
1777,0,14,0,2
1778,0,16,0,0
1779,1,14,3,3
1780,1,18,1,2
1781,1,16,2,2
1782,0,14,0,3
1783,0,12,2,3
1784,1,13,2,2
1785,1,16,0,3
1786,1,14,2,2
1787,1,18,0,1
1788,1,17,0,3
1789,1,12,3,4
1790,1,13,2,1
1791,0,16,2,0
1792,1,14,0,0
1793,0,12,3,0
1794,1,14,3,0
1795,0,16,2,4
1796,0,13,0,2
1797,0,17,2,1
1798,0,18,1,2
1799,0,13,0,0
1800,0,15,0,4
1801,1,12,3,1
1802,0,16,0,4
1803,0,17,1,4
1804,0,12,0,4
1805,1,16,2,1
1806,1,16,2,2
1807,0,17,3,2
1808,1,14,2,1
1809,0,17,3,4
1810,1,18,3,3
1811,1,14,0,3
1812,0,14,2,4
1813,1,14,3,3
1814,0,17,2,1
1815,1,16,2,1
1816,0,13,0,1
1817,0,18,3,3
1818,1,17,0,1
1819,1,17,2,4
1820,0,15,2,0
1821,1,12,3,0
1822,1,17,1,0
1823,0,15,0,2
1824,0,18,0,2
1825,1,17,3,4
1826,0,12,3,0
1827,1,13,1,4
1828,0,15,0,4
1829,1,17,3,1
1830,1,17,2,2
1831,0,12,1,1
1832,1,15,3,2
1833,0,15,1,3
1834,1,17,3,0
1835,1,12,3,4
1836,0,18,1,1
1837,1,18,3,4
1838,1,13,0,0
1839,0,15,3,1
1840,1,16,3,3
1841,1,13,2,2
1842,0,18,0,1
1843,0,16,0,1
1844,1,12,1,4
1845,1,13,3,1
1846,1,16,2,3
1847,1,16,1,4
1848,0,17,3,3
1849,1,18,0,0
1850,1,16,3,0
1851,1,15,1,0
1852,1,13,1,4
1853,0,16,2,1
1854,1,18,3,3
1855,0,16,3,0
1856,1,15,1,4
1857,1,16,1,2
1858,0,13,3,3
1859,1,14,3,0
1860,0,13,2,2
1861,0,18,3,3
1862,0,14,0,2
1863,1,12,0,2
1864,0,16,3,0
1865,0,16,3,3
1866,0,13,1,2
1867,1,15,0,3
1868,0,18,3,1
1869,1,12,0,0
1870,1,12,1,2
1871,1,15,2,0
1872,1,15,1,3
1873,1,18,0,0
1874,1,14,2,0
1875,1,16,0,1
1876,0,16,0,2
1877,0,18,2,0
1878,1,15,0,0
1879,0,16,3,1
1880,1,17,1,3
1881,1,14,2,1
1882,0,14,0,1
1883,1,15,0,0
1884,0,15,2,2
1885,1,16,3,2
1886,1,13,1,1
1887,1,15,1,4
1888,1,14,1,3
1889,1,14,0,0
1890,1,16,0,1
1891,1,14,1,2
1892,0,17,2,4
1893,0,16,0,1
1894,0,16,1,3
1895,1,16,2,0
1896,1,17,1,0
1897,0,13,0,1
1898,0,15,1,2
1899,1,13,3,4
1900,1,15,2,2
1901,1,14,3,4
1902,0,15,1,2
1903,1,16,3,0
1904,0,15,2,2
1905,0,18,3,3
1906,1,12,3,3
1907,0,17,0,2
1908,1,12,3,2
1909,1,13,2,0
1910,0,15,1,2
1911,0,16,0,4
1912,1,13,0,1
1913,0,14,3,0
1914,0,16,2,1
1915,0,14,1,0
1916,0,12,3,1
1917,0,15,1,1
1918,1,12,2,1
1919,0,13,3,3
1920,1,17,0,1
1921,0,17,0,1
1922,0,14,0,4
1923,1,15,2,4
1924,1,15,0,3
1925,0,15,0,4
1926,1,13,3,2
1927,0,15,3,1
1928,0,15,3,1
1929,1,13,1,0
1930,1,15,2,3
1931,1,12,3,0
1932,1,13,2,1
1933,1,18,2,4
1934,0,16,3,3
1935,0,13,2,1
1936,1,18,2,2
1937,1,13,1,1
1938,0,16,2,2
1939,1,15,2,3
1940,0,18,0,1
1941,0,13,3,2
1942,0,18,1,4
1943,0,18,1,2
1944,0,15,0,4
1945,0,15,0,1
1946,0,12,1,0
1947,0,17,1,1
1948,0,15,2,4
1949,1,12,0,1
1950,1,16,2,3
1951,1,12,3,2
1952,1,16,2,3
1953,0,13,1,4
1954,0,12,1,0
1955,1,12,1,2
1956,0,12,1,3
1957,0,17,3,3
1958,0,13,1,3
1959,0,12,3,3
1960,1,14,1,2
1961,1,12,2,3
1962,0,18,3,0
1963,1,15,2,2
1964,0,12,3,2
1965,1,16,1,4
1966,0,18,3,4
1967,0,13,0,0
1968,0,14,1,0
1969,0,13,1,0
1970,1,15,0,0
1971,1,16,3,0
1972,1,18,3,1
1973,1,12,3,2
1974,0,17,0,0
1975,0,18,0,4
1976,0,18,0,2
1977,1,12,2,3
1978,1,12,2,3
1979,1,15,0,0
1980,1,14,2,3
1981,0,13,1,0
1982,1,18,3,2
1983,0,12,0,3
1984,1,18,3,4
1985,1,14,0,0
1986,0,16,3,3
1987,1,13,3,0
1988,0,14,2,1
1989,1,15,1,1
1990,1,18,1,3
1991,1,14,0,0
1992,1,15,2,1
1993,1,13,0,2
1994,1,14,3,2
1995,1,16,3,2
1996,0,12,2,2
1997,1,14,1,1
1998,0,18,3,3
1999,0,14,3,4
2000,0,15,0,2
2001,1,13,0,3
2002,0,18,2,3
2003,0,13,1,1
2004,1,12,2,1
2005,1,12,2,3
2006,0,13,3,4
2007,1,17,0,0
2008,0,14,1,2
2009,1,18,1,1
2010,1,12,1,4
2011,1,18,2,3
2012,1,14,0,0
2013,1,17,0,0
2014,1,14,3,4
2015,0,13,2,3
2016,1,15,3,1
2017,1,16,2,3
2018,0,12,3,3
2019,1,16,2,3
2020,0,17,3,3
2021,1,13,2,4
2022,1,15,1,4
2023,0,18,1,2
2024,0,16,2,1
2025,1,15,3,1
2026,1,16,3,1
2027,0,17,1,1
2028,0,16,0,3
2029,0,14,0,1
2030,0,12,3,3
2031,1,14,3,0
2032,0,16,3,1
2033,0,18,1,3
2034,1,17,2,3
2035,0,15,3,0
2036,1,15,2,1
2037,1,17,3,3
2038,0,17,0,4
2039,0,16,2,3
2040,1,13,0,1
2041,0,12,1,2
2042,0,18,0,3
2043,0,14,2,4
2044,1,12,2,0
2045,0,18,3,3
2046,1,16,1,4
2047,1,15,3,0
2048,0,15,1,2
2049,1,16,1,3
2050,1,12,3,4
2051,0,14,3,0
2052,0,15,2,0
2053,0,15,3,0
2054,1,14,1,3
2055,1,17,3,1
2056,0,14,3,2
2057,0,16,1,1
2058,1,17,0,4
2059,0,17,3,0
2060,0,16,2,1
2061,1,15,3,3
2062,1,16,1,1
2063,1,15,2,2
2064,0,12,0,4
2065,1,13,1,2
2066,0,17,1,0
2067,1,13,3,3
2068,0,18,2,2
2069,1,16,3,3
2070,1,13,0,3
2071,0,12,0,4
2072,1,13,1,4
2073,0,18,1,4
2074,1,12,2,4
2075,0,18,3,2
2076,1,12,3,0
2077,0,15,2,2
2078,0,13,1,4
2079,0,12,1,3
2080,0,18,0,1
2081,1,17,2,2
2082,1,18,0,4
2083,1,14,0,3
2084,0,15,3,3
2085,0,15,3,4
2086,1,13,3,0
2087,1,14,0,2
2088,1,16,2,0
2089,0,13,0,2
2090,1,18,2,4
2091,1,14,2,0
2092,0,18,0,4
2093,0,12,1,1
2094,1,12,1,3
2095,0,18,3,2
2096,1,13,2,2
2097,0,14,2,4
2098,1,16,2,1
2099,1,14,2,4
2100,1,12,0,2
2101,0,18,0,4
2102,0,16,1,4
2103,0,17,3,2
2104,0,16,1,1
2105,0,13,1,0
2106,0,17,1,4
2107,0,12,0,2
2108,1,17,0,1
2109,0,16,0,4
2110,1,18,0,0
2111,1,12,0,1
2112,0,14,1,2
2113,1,16,0,3
2114,1,15,0,0
2115,1,17,1,1
2116,0,15,1,3
2117,1,15,3,2
2118,1,13,0,1
2119,0,12,1,0
2120,0,12,2,3
2121,1,18,0,4
2122,0,17,1,4
2123,0,17,0,4
2124,0,14,3,2
2125,0,12,0,4
2126,1,13,0,1
2127,0,16,1,3
2128,0,16,2,0
2129,0,14,1,2
2130,0,16,2,4
2131,1,17,2,3
2132,0,17,1,3
2133,0,17,0,0
2134,0,15,2,3
2135,0,17,2,1
2136,1,15,3,4
2137,0,16,2,0
2138,1,17,0,2
2139,1,18,2,3
2140,0,12,2,3
2141,1,14,3,2
2142,0,14,1,2
2143,1,12,1,2
2144,1,13,1,3
2145,1,18,1,3
2146,0,15,2,2
2147,1,13,1,2
2148,1,15,2,2
2149,0,12,3,1
2150,0,13,3,3
2151,1,18,0,4
2152,1,12,2,4
2153,1,14,2,4
2154,0,12,3,0
2155,1,16,3,2
2156,1,14,2,4
2157,1,16,1,2
2158,0,12,0,2
2159,1,15,1,2
2160,1,16,1,3
2161,1,15,2,1
2162,1,15,2,0
2163,0,12,1,1
2164,0,16,0,1
2165,0,17,3,4
2166,0,12,3,0
2167,0,18,2,4
2168,0,14,2,3
2169,1,16,3,2
2170,0,17,2,2
2171,0,16,3,2
2172,1,17,1,1
2173,1,16,1,1
2174,1,17,2,3
2175,0,16,3,0
2176,0,14,2,0
2177,0,16,1,2
2178,0,12,1,4
2179,1,17,3,2
2180,0,17,3,2
2181,0,17,3,4
2182,0,12,2,1
2183,0,13,0,4
2184,0,18,0,1
2185,0,16,3,4
2186,0,17,2,0
2187,1,16,2,0
2188,1,17,0,0
2189,1,14,3,3
2190,1,18,0,1
2191,1,13,1,4
2192,0,15,0,2
2193,0,17,0,2
2194,1,14,1,4
2195,1,12,1,3
2196,1,12,1,4
2197,1,15,2,4
2198,1,15,1,3
2199,1,18,1,0
2200,1,18,3,2
2201,1,12,1,0
2202,0,17,0,1
2203,1,13,0,0
2204,0,16,3,1
2205,0,18,1,0
2206,0,12,0,4
2207,1,16,3,3
2208,0,18,2,0
2209,1,16,1,3
2210,0,12,0,2
2211,1,16,2,0
2212,1,18,0,0
2213,1,12,3,1
2214,1,14,1,2
2215,1,14,3,3
2216,1,15,2,2
2217,1,17,1,1
2218,0,18,0,2
2219,1,13,0,4
2220,0,17,2,1
2221,0,13,3,3
2222,1,12,3,2
2223,0,12,0,4
2224,0,17,2,0
2225,1,15,2,1
2226,1,15,0,2
2227,0,15,3,0
2228,0,12,3,0
2229,0,15,3,4
2230,0,14,3,2
2231,1,18,1,4
2232,1,16,3,0
2233,1,16,0,3
2234,1,14,0,4
2235,0,14,1,0
2236,0,17,0,1
2237,1,15,2,2
2238,1,14,0,1
2239,1,15,3,4
2240,0,14,2,0
2241,0,16,0,1
2242,0,17,2,1
2243,1,12,3,3
2244,0,14,0,2
2245,1,17,1,0
2246,1,12,2,3
2247,0,15,3,3
2248,1,16,0,3
2249,1,14,1,0
2250,1,16,3,1
2251,0,14,0,1
2252,0,12,3,3
2253,1,17,1,3
2254,0,12,2,0
2255,1,17,0,3
2256,0,13,0,1
2257,1,13,3,1
2258,0,14,3,2
2259,0,12,0,4
2260,0,17,3,4
2261,1,18,0,0
2262,1,12,1,3
2263,0,14,2,2
2264,1,12,2,2
2265,0,16,3,2
2266,0,15,3,1
2267,0,17,0,3
2268,1,12,1,2
2269,0,12,0,3
2270,1,18,3,3
2271,0,13,0,1
2272,0,12,3,1
2273,1,12,0,2
2274,1,17,0,3
2275,1,15,3,0
2276,0,13,2,1
2277,0,18,0,1
2278,1,17,1,1
2279,0,16,0,2
2280,1,14,2,1
2281,0,13,2,3
2282,1,16,2,1
2283,0,12,1,1
2284,0,16,1,0
2285,1,16,1,2
2286,0,13,0,3
2287,0,13,2,3
2288,0,12,0,2
2289,1,12,2,4
2290,1,16,3,4
2291,1,18,0,0
2292,1,16,3,0
2293,1,12,0,4
2294,1,18,3,0
2295,0,17,3,3
2296,0,17,2,2
2297,1,18,1,0
2298,1,14,1,4
2299,0,13,1,3
2300,1,13,3,0
2301,1,17,1,3
2302,0,12,3,0
2303,0,17,2,4
2304,1,15,2,1
2305,1,15,2,3
2306,0,14,0,3
2307,0,14,3,1
2308,1,18,1,0
2309,0,12,1,1
2310,1,12,0,2
2311,1,14,2,1
2312,0,17,3,2
2313,1,17,2,0
2314,0,13,1,2
2315,1,17,0,4
2316,0,13,3,3
2317,0,18,3,3
2318,1,14,0,3
2319,0,13,0,2
2320,0,18,1,4
2321,0,15,1,3
2322,1,16,0,3
2323,0,18,3,0
2324,1,18,0,2
2325,0,15,2,1
2326,1,16,3,3
2327,0,12,0,0
2328,0,16,2,4
2329,1,18,0,1
2330,1,18,0,2
2331,1,18,1,4
2332,1,15,3,4
2333,1,12,1,4
2334,1,12,1,0
2335,0,12,0,0
2336,0,13,1,0
2337,0,13,1,1
2338,0,13,0,4
2339,0,15,3,0
2340,0,14,2,3
2341,1,15,3,2
2342,0,16,3,4
2343,0,17,0,3
2344,0,13,3,0
2345,0,14,3,1
2346,0,12,3,4
2347,1,15,0,4
2348,0,16,3,0
2349,1,13,2,0
2350,1,16,1,2
2351,1,16,2,0
2352,1,15,3,2
2353,1,16,1,1
2354,0,15,3,2
2355,0,16,0,1
2356,1,17,2,1
2357,1,15,1,0
2358,0,13,0,3
2359,0,16,0,4
2360,0,14,2,1
2361,1,15,1,1
2362,1,18,3,0
2363,1,17,1,4
2364,1,13,3,3
2365,1,12,3,0
2366,1,14,0,2
2367,1,14,3,2
2368,0,13,3,3
2369,0,12,0,4
2370,1,13,1,0
2371,0,15,2,3
2372,0,17,1,4
2373,1,18,2,4
2374,0,17,0,1
2375,1,17,2,2
2376,0,16,0,2
2377,1,12,2,2
2378,1,13,0,1
2379,1,14,0,4
2380,0,13,2,1
2381,1,16,1,2
2382,1,17,2,4
2383,1,18,3,4
2384,1,18,0,2
2385,0,17,2,0
2386,0,12,0,4
2387,1,15,3,0
2388,0,14,1,1
2389,1,12,1,2
2390,0,13,1,3
2391,0,16,0,3
2392,0,18,1,3
2393,1,16,1,1
2394,1,18,0,3
2395,1,12,1,4
2396,1,16,1,2
2397,1,13,1,2
2398,1,12,0,1
2399,1,14,1,4
2400,1,17,1,3
2401,0,17,2,1
2402,1,13,3,0
2403,1,18,1,4
2404,0,14,1,2
2405,1,17,2,0
2406,0,18,2,1
2407,0,12,3,3
2408,1,18,3,1
2409,0,18,0,3
2410,1,16,3,0
2411,1,15,0,0
2412,0,17,2,0
2413,0,17,2,1
2414,0,14,3,1
2415,0,18,0,3
2416,1,18,2,1
2417,1,16,2,3
2418,0,14,1,4
2419,0,13,3,4
2420,0,17,2,1
2421,0,12,0,3
2422,0,15,1,4
2423,1,15,0,0
2424,1,16,1,3
2425,0,18,2,3
2426,0,16,2,2
2427,0,18,2,2
2428,1,14,2,4
2429,1,13,1,4
2430,0,17,1,0
2431,0,13,2,0
2432,0,16,1,2
2433,0,18,0,2
2434,0,13,0,2
2435,0,18,0,0
2436,1,14,0,4
2437,1,13,0,4
2438,0,16,3,1
2439,1,13,3,4
2440,0,17,2,2
2441,1,15,1,2
2442,0,17,0,2
2443,1,16,3,4
2444,0,14,0,1
2445,0,14,1,4
2446,1,17,3,0
2447,0,17,1,4
2448,1,15,3,1
2449,0,18,0,4
2450,0,14,3,0
2451,1,18,2,1
2452,0,13,3,0
2453,0,12,3,0
2454,0,13,0,2
2455,1,16,3,2
2456,1,14,2,2
2457,0,17,3,2
2458,0,15,1,0
2459,0,12,0,2
2460,1,13,2,0
2461,0,16,0,0
2462,0,15,3,1
2463,1,13,2,3
2464,0,16,0,2
2465,0,14,3,0
2466,0,13,0,2
2467,0,13,3,4
2468,1,18,1,2
2469,1,14,3,0
2470,0,13,0,0
2471,1,17,0,0
2472,1,14,3,1
2473,1,13,3,0
2474,1,12,3,0
2475,0,16,0,1
2476,0,12,3,3
2477,1,12,2,3
2478,0,13,0,0
2479,0,12,2,2
2480,1,14,1,2
2481,0,17,1,1
2482,1,14,2,4
2483,1,14,2,0
2484,0,17,3,2
